year,season,color_forecast
1970,1,[0.35348956 0.42691548 0.21959496]
1970,2,[0.23764988 0.07259318 0.68975694]
1970,3,[0.46744434 0.4452506  0.08730506]
1970,4,[0.7821397  0.08165934 0.13620096]
1970,5,[0.41956731 0.36904543 0.21138726]
1970,6,[0.7135323  0.21061677 0.07585093]
1970,7,[0.18746823 0.40310573 0.40942604]
1970,8,[0.13476689 0.67768274 0.18755037]
1970,9,[0.42190774 0.33154533 0.24654693]
1970,10,[0.21297985 0.08622939 0.70079076]
1970,11,[0.48512854 0.35697224 0.15789922]
1970,12,[0.10315229 0.66762757 0.22922014]
1970,13,[0.38451082 0.13292245 0.48256672]
1970,14,[0.07317569 0.70561899 0.22120532]
1970,15,[0.22448687 0.39533206 0.38018107]
1970,16,[0.22671536 0.12960382 0.64368082]
1970,17,[0.16477141 0.08814066 0.74708793]
1970,18,[0.14907444 0.68908632 0.16183924]
1970,19,[0.43472174 0.14689086 0.4183874 ]
1970,20,[0.69595761 0.21063113 0.09341126]
1971,1,[0.19948199 0.1618231  0.63869491]
1971,2,[0.7313298 0.1590555 0.1096147]
1971,3,[0.32061002 0.44051109 0.2388789 ]
1971,4,[0.21388195 0.35024716 0.43587089]
1971,5,[0.1907038  0.38127942 0.42801678]
1971,6,[0.47093262 0.12945888 0.3996085 ]
1971,7,[0.3976237  0.44042382 0.16195249]
1971,8,[0.79013156 0.15318014 0.0566883 ]
1971,9,[0.3090418  0.25126116 0.43969704]
1971,10,[0.41610582 0.39576566 0.18812852]
1971,11,[0.72703339 0.21006133 0.06290528]
1971,12,[0.06237938 0.70148615 0.23613447]
1971,13,[0.65463659 0.18906952 0.15629389]
1971,14,[0.37843819 0.228282   0.39327981]
1971,15,[0.46530191 0.15126749 0.3834306 ]
1971,16,[0.4223118  0.26007377 0.31761443]
1971,17,[0.45218019 0.17711072 0.37070909]
1971,18,[0.19070243 0.1614486  0.64784897]
1971,19,[0.23528537 0.12542826 0.63928638]
1971,20,[0.67434566 0.15130101 0.17435334]
1972,1,[0.12065513 0.72561189 0.15373298]
1972,2,[0.42554593 0.14576679 0.42868729]
1972,3,[0.0984194  0.70294471 0.19863589]
1972,4,[0.23625981 0.07340365 0.69033653]
1972,5,[0.21462108 0.10901984 0.67635908]
1972,6,[0.38965427 0.3840446  0.22630113]
1972,7,[0.22542096 0.09059989 0.68397915]
1972,8,[0.11781801 0.04613036 0.83605164]
1972,9,[0.73084386 0.18886738 0.08028877]
1972,10,[0.13364135 0.1306125  0.73574615]
1972,11,[0.44744673 0.35483449 0.19771878]
1972,12,[0.33967807 0.25488369 0.40543824]
1972,13,[0.11106276 0.0620344  0.82690284]
1972,14,[0.72452906 0.22089534 0.0545756 ]
1972,15,[0.27271922 0.11928183 0.60799894]
1972,16,[0.38074105 0.19024461 0.42901434]
1972,17,[0.21499707 0.39914729 0.38585564]
1972,18,[0.7478129  0.16996567 0.08222143]
1972,19,[0.70556682 0.17127424 0.12315894]
1972,20,[0.05398675 0.77151941 0.17449384]
1973,1,[0.13691596 0.71813436 0.14494969]
1973,2,[0.2829173  0.38547879 0.33160391]
1973,3,[0.10084931 0.71586543 0.18328526]
1973,4,[0.42404138 0.19644856 0.37951006]
1973,5,[0.33469631 0.51977782 0.14552588]
1973,6,[0.16192969 0.61767259 0.22039772]
1973,7,[0.0872524  0.80234003 0.11040758]
1973,8,[0.20600359 0.42868596 0.36531046]
1973,9,[0.46421735 0.34878442 0.18699823]
1973,10,[0.1888468  0.06489547 0.74625773]
1973,11,[0.2956419  0.37446008 0.32989803]
1973,12,[0.35012987 0.22614014 0.42372999]
1973,13,[0.19656707 0.47149673 0.3319362 ]
1973,14,[0.2973704 0.3253325 0.3772971]
1973,15,[0.17407255 0.1791337  0.64679375]
1973,16,[0.40231032 0.44102048 0.1566692 ]
1973,17,[0.15582198 0.67390792 0.1702701 ]
1973,18,[0.0756125  0.69001358 0.23437392]
1973,19,[0.21751431 0.41749711 0.36498858]
1973,20,[0.43951245 0.30048274 0.26000481]
1974,1,[0.40323786 0.37883148 0.21793067]
1974,2,[0.72789522 0.20587101 0.06623377]
1974,3,[0.66587464 0.28876173 0.04536363]
1974,4,[0.26013937 0.06785607 0.67200456]
1974,5,[0.22361548 0.38587651 0.39050801]
1974,6,[0.19299259 0.39607993 0.41092748]
1974,7,[0.69172682 0.24791738 0.06035579]
1974,8,[0.68897876 0.15955507 0.15146618]
1974,9,[0.32372769 0.21844427 0.45782804]
1974,10,[0.21897713 0.1490005  0.63202237]
1974,11,[0.39625924 0.19794381 0.40579695]
1974,12,[0.37493471 0.41367566 0.21138963]
1974,13,[0.23400458 0.40070482 0.3652906 ]
1974,14,[0.19837193 0.40071586 0.40091221]
1974,15,[0.18893603 0.4227087  0.38835526]
1974,16,[0.71526926 0.17598904 0.1087417 ]
1974,17,[0.02138997 0.71985759 0.25875244]
1974,18,[0.42668904 0.16997953 0.40333143]
1974,19,[0.27658072 0.35949457 0.3639247 ]
1974,20,[0.36866114 0.19964627 0.43169259]
1975,1,[0.42229982 0.3730463  0.20465388]
1975,2,[0.7198413  0.14340238 0.13675632]
1975,3,[0.7228855  0.18171553 0.09539896]
1975,4,[0.44142309 0.10977298 0.44880392]
1975,5,[0.46361051 0.1537935  0.38259599]
1975,6,[0.59107712 0.23585287 0.17307001]
1975,7,[0.73130488 0.17940717 0.08928794]
1975,8,[0.07113158 0.77985582 0.14901259]
1975,9,[0.07294123 0.77013317 0.15692561]
1975,10,[0.15054956 0.10918946 0.74026097]
1975,11,[0.80289298 0.12800134 0.06910568]
1975,12,[0.1648606  0.12569125 0.70944815]
1975,13,[0.03773897 0.6970217  0.26523933]
1975,14,[0.08089131 0.64016397 0.27894472]
1975,15,[0.3804108  0.24102013 0.37856907]
1975,16,[0.16471009 0.44584391 0.389446  ]
1975,17,[0.16802083 0.46845256 0.36352661]
1975,18,[0.66802238 0.20616438 0.12581324]
1975,19,[0.40021412 0.21577941 0.38400647]
1975,20,[0.35658827 0.19373087 0.44968086]
1976,1,[0.31817941 0.45091992 0.23090067]
1976,2,[0.39366841 0.1570039  0.4493277 ]
1976,3,[0.37520076 0.18522269 0.43957655]
1976,4,[0.25029165 0.10683656 0.64287179]
1976,5,[0.66805913 0.17556919 0.15637169]
1976,6,[0.12947835 0.14671298 0.72380868]
1976,7,[0.09684158 0.72176524 0.18139318]
1976,8,[0.01860948 0.69246291 0.2889276 ]
1976,9,[0.33932688 0.23665718 0.42401594]
1976,10,[0.36174586 0.44819693 0.19005721]
1976,11,[0.23370496 0.10540595 0.66088909]
1976,12,[0.23482156 0.38943494 0.3757435 ]
1976,13,[0.23258855 0.4312822  0.33612925]
1976,14,[0.46550314 0.22187007 0.31262678]
1976,15,[0.16020398 0.366781   0.47301502]
1976,16,[0.42489208 0.19717461 0.37793331]
1976,17,[0.76181972 0.17336288 0.0648174 ]
1976,18,[0.41713102 0.23185304 0.35101594]
1976,19,[0.43895655 0.17071184 0.39033161]
1976,20,[0.39852737 0.17462515 0.42684748]
1977,1,[0.17623416 0.06052908 0.76323676]
1977,2,[0.7501836  0.13116693 0.11864947]
1977,3,[0.25208057 0.39367559 0.35424383]
1977,4,[0.3811982  0.41716234 0.20163946]
1977,5,[0.60655628 0.25630309 0.13714063]
1977,6,[0.09471148 0.77451206 0.13077646]
1977,7,[0.35656899 0.24646368 0.39696733]
1977,8,[0.17057167 0.10555944 0.72386889]
1977,9,[0.21414797 0.11490316 0.67094887]
1977,10,[0.16617894 0.12299396 0.71082709]
1977,11,[0.12797498 0.13965812 0.73236691]
1977,12,[0.42220677 0.1522354  0.42555783]
1977,13,[0.42581714 0.4343942  0.13978866]
1977,14,[0.22239762 0.40626426 0.37133813]
1977,15,[0.18063863 0.43416962 0.38519175]
1977,16,[0.08169651 0.67756733 0.24073616]
1977,17,[0.29620815 0.34282855 0.3609633 ]
1977,18,[0.20874177 0.42009707 0.37116116]
1977,19,[0.73191558 0.14962946 0.11845497]
1977,20,[0.41053437 0.38728732 0.20217831]
1978,1,[0.70438871 0.22129412 0.07431717]
1978,2,[0.19535281 0.10032362 0.70432357]
1978,3,[0.47389638 0.33809699 0.18800663]
1978,4,[0.43143504 0.18508909 0.38347587]
1978,5,[0.63657054 0.25776465 0.1056648 ]
1978,6,[0.08574825 0.71705236 0.19719939]
1978,7,[0.08404199 0.16860487 0.74735315]
1978,8,[0.05877093 0.75297956 0.18824951]
1978,9,[0.25357364 0.35409272 0.39233364]
1978,10,[0.21856559 0.15312002 0.62831439]
1978,11,[0.20407934 0.12837021 0.66755045]
1978,12,[0.24068399 0.39790278 0.36141323]
1978,13,[0.127563   0.46963364 0.40280336]
1978,14,[0.16086969 0.15445993 0.68467038]
1978,15,[0.41302524 0.45327063 0.13370413]
1978,16,[0.05959844 0.64038262 0.30001894]
1978,17,[0.78022656 0.16076388 0.05900956]
1978,18,[0.37155185 0.41685392 0.21159423]
1978,19,[0.07113282 0.69986468 0.2290025 ]
1978,20,[0.65560212 0.19535656 0.14904132]
1979,1,[0.25311491 0.34280389 0.4040812 ]
1979,2,[0.08199832 0.77759601 0.14040566]
1979,3,[0.78656694 0.07681985 0.13661321]
1979,4,[0.24488326 0.04484797 0.71026877]
1979,5,[0.66419029 0.23185639 0.10395332]
1979,6,[0.23253515 0.04866425 0.71880059]
1979,7,[0.49508848 0.30691504 0.19799648]
1979,8,[0.79833747 0.15511965 0.04654288]
1979,9,[0.3649439 0.2363506 0.3987055]
1979,10,[0.20583022 0.32527781 0.46889196]
1979,11,[0.3112951 0.        0.6887049]
1979,12,[0.36260474 0.19545323 0.44194203]
1979,13,[0.20106726 0.38239823 0.41653451]
1979,14,[0.0884933 0.7075854 0.2039213]
1979,15,[0.50456984 0.31873735 0.17669282]
1979,16,[0.18074765 0.33684334 0.48240901]
1979,17,[0.23566982 0.36376968 0.4005605 ]
1979,18,[0.36242783 0.24484989 0.39272228]
1979,19,[0.35758247 0.40252927 0.23988826]
1979,20,[0.72356842 0.23564043 0.04079115]
1980,1,[0.44204723 0.42828689 0.12966588]
1980,2,[0.15155494 0.66000428 0.18844078]
1980,3,[0.36534426 0.5303699  0.10428584]
1980,4,[0.44893294 0.35395176 0.19711531]
1980,5,[0.43541653 0.19262378 0.37195969]
1980,6,[0.23107864 0.15999142 0.60892994]
1980,7,[0.03331373 0.75351662 0.21316965]
1980,8,[0.35413916 0.41245277 0.23340808]
1980,9,[0.30439862 0.21750274 0.47809864]
1980,10,[0.13275695 0.65649008 0.21075298]
1980,11,[0.36045928 0.21754491 0.42199581]
1980,12,[0.13914921 0.63896906 0.22188173]
1980,13,[0.35413677 0.44165773 0.2042055 ]
1980,14,[0.71877037 0.21678506 0.06444457]
1980,15,[0.13168766 0.64693641 0.22137593]
1980,16,[0.40815709 0.2612503  0.33059261]
1980,17,[0.4156129 0.1506043 0.4337828]
1980,18,[0.12792285 0.07989991 0.79217724]
1980,19,[0.36592499 0.30648999 0.32758502]
1980,20,[0.61513131 0.29006935 0.09479934]
1981,1,[0.06392567 0.73988337 0.19619097]
1981,2,[0.16800143 0.09682374 0.73517484]
1981,3,[0.4120095  0.36905834 0.21893216]
1981,4,[0.21078458 0.40315887 0.38605655]
1981,5,[0.68862443 0.22851674 0.08285882]
1981,6,[0.10069351 0.70315142 0.19615507]
1981,7,[0.42689496 0.17431922 0.39878582]
1981,8,[0.18771868 0.09568789 0.71659342]
1981,9,[0.36966054 0.15546535 0.47487411]
1981,10,[0.42910542 0.1335073  0.43738728]
1981,11,[0.48910876 0.43113484 0.0797564 ]
1981,12,[0.40515196 0.40670674 0.1881413 ]
1981,13,[0.34568035 0.42536393 0.22895573]
1981,14,[0.10840204 0.6543866  0.23721135]
1981,15,[0.19787638 0.1485899  0.65353371]
1981,16,[0.23159743 0.45373333 0.31466924]
1981,17,[0.40276661 0.39787218 0.19936121]
1981,18,[0.25727303 0.00744133 0.73528564]
1981,19,[0.05473746 0.72730877 0.21795377]
1981,20,[0.74894721 0.16029674 0.09075605]
1982,1,[0.17985751 0.05508923 0.76505326]
1982,2,[0.69122896 0.20229281 0.10647823]
1982,3,[0.37631815 0.4300219  0.19365995]
1982,4,[0.69469433 0.2344342  0.07087147]
1982,5,[0.39050137 0.23819967 0.37129897]
1982,6,[0.33592711 0.48684975 0.17722314]
1982,7,[0.52968527 0.17253413 0.2977806 ]
1982,8,[0.1504491  0.12258573 0.72696518]
1982,9,[0.155998   0.4525129  0.39148909]
1982,10,[0.10612361 0.68064321 0.21323318]
1982,11,[0.6535969  0.17694779 0.16945531]
1982,12,[0.22043677 0.11018053 0.6693827 ]
1982,13,[0.18197477 0.1279644  0.69006083]
1982,14,[0.17691546 0.40312576 0.41995879]
1982,15,[0.11657138 0.67245327 0.21097535]
1982,16,[0.19380157 0.39518254 0.4110159 ]
1982,17,[0.21953412 0.09589391 0.68457197]
1982,18,[0.141762  0.7338928 0.1243452]
1982,19,[0.68677011 0.21932218 0.09390771]
1982,20,[0.19029863 0.10216782 0.70753355]
1983,1,[0.16090741 0.62971893 0.20937366]
1983,2,[0.10879876 0.66638177 0.22481946]
1983,3,[0.48109018 0.1295883  0.38932153]
1983,4,[0.22356    0.37645989 0.39998011]
1983,5,[0.74701483 0.10582657 0.14715859]
1983,6,[0.15601493 0.70341952 0.14056554]
1983,7,[0.39015722 0.34544911 0.26439368]
1983,8,[0.1763315  0.44532639 0.37834211]
1983,9,[0.43407434 0.2105414  0.35538426]
1983,10,[0.07333809 0.70398375 0.22267816]
1983,11,[0.21167413 0.37494946 0.41337641]
1983,12,[0.43792638 0.38317546 0.17889815]
1983,13,[0.42885216 0.15386581 0.41728203]
1983,14,[0.19223756 0.39163776 0.41612468]
1983,15,[0.41005117 0.23404037 0.35590846]
1983,16,[0.69505154 0.2487275  0.05622095]
1983,17,[0.24519723 0.37217288 0.38262989]
1983,18,[0.12235068 0.45375645 0.42389287]
1983,19,[0.4024597  0.20710427 0.39043603]
1983,20,[0.75421554 0.20302723 0.04275723]
1984,1,[0.40370895 0.15587394 0.4404171 ]
1984,2,[0.70077316 0.19777216 0.10145468]
1984,3,[0.35897149 0.3740612  0.26696731]
1984,4,[0.11157837 0.67315134 0.21527029]
1984,5,[0.4501719  0.24978525 0.30004285]
1984,6,[0.40395669 0.38262791 0.21341539]
1984,7,[0.35578209 0.22170366 0.42251426]
1984,8,[0.36069487 0.4327313  0.20657384]
1984,9,[0.247659   0.06706741 0.6852736 ]
1984,10,[0.7117972  0.17374143 0.11446136]
1984,11,[0.36564658 0.18211439 0.45223904]
1984,12,[0.24406122 0.03277317 0.72316561]
1984,13,[0.74024341 0.22429333 0.03546325]
1984,14,[0.36700356 0.24826937 0.38472707]
1984,15,[0.07635595 0.78398991 0.13965414]
1984,16,[0.29723741 0.50504459 0.197718  ]
1984,17,[0.11990403 0.19679508 0.68330089]
1984,18,[0.16063292 0.65075814 0.18860894]
1984,19,[0.03923815 0.67595002 0.28481183]
1984,20,[0.70820584 0.2246965  0.06709766]
1985,1,[0.39726372 0.17748959 0.42524669]
1985,2,[0.45578176 0.18882037 0.35539787]
1985,3,[0.34226793 0.25141871 0.40631336]
1985,4,[0.24239351 0.06319357 0.69441292]
1985,5,[0.13946059 0.16294228 0.69759712]
1985,6,[0.23095867 0.3843399  0.38470144]
1985,7,[0.         0.79212195 0.20787805]
1985,8,[0.42092604 0.39148101 0.18759295]
1985,9,[0.71923185 0.19234219 0.08842596]
1985,10,[0.68703526 0.15095129 0.16201345]
1985,11,[0.39752248 0.19532937 0.40714815]
1985,12,[0.21082074 0.41863718 0.37054209]
1985,13,[0.25972809 0.39860066 0.34167125]
1985,14,[0.0821406  0.15506038 0.76279903]
1985,15,[0.26405791 0.08068756 0.65525454]
1985,16,[0.05125193 0.70823847 0.2405096 ]
1985,17,[0.20660809 0.35505612 0.43833578]
1985,18,[0.40345662 0.24740647 0.3491369 ]
1985,19,[0.09236923 0.68033115 0.22729962]
1985,20,[0.61918231 0.23446022 0.14635747]
1986,1,[0.22336901 0.17611148 0.60051951]
1986,2,[0.37867855 0.24055483 0.38076662]
1986,3,[0.64057629 0.19778695 0.16163676]
1986,4,[0.37787986 0.4122841  0.20983605]
1986,5,[0.40499524 0.38364317 0.21136159]
1986,6,[0.21799253 0.07902755 0.70297991]
1986,7,[0.41752007 0.21420726 0.36827267]
1986,8,[0.14816404 0.51365527 0.33818069]
1986,9,[0.6789158  0.13602211 0.18506209]
1986,10,[0.1329834  0.61868795 0.24832865]
1986,11,[0.19580045 0.44021564 0.3639839 ]
1986,12,[0.10691284 0.66787714 0.22521001]
1986,13,[0.41628441 0.37989324 0.20382235]
1986,14,[0.21804245 0.14909739 0.63286016]
1986,15,[0.18783058 0.11990097 0.69226846]
1986,16,[0.12872571 0.72556269 0.1457116 ]
1986,17,[0.16648919 0.38127597 0.45223483]
1986,18,[0.14324574 0.65518487 0.20156939]
1986,19,[0.66936312 0.2101582  0.12047868]
1986,20,[0.74808213 0.12508928 0.1268286 ]
1987,1,[0.38659958 0.42281099 0.19058943]
1987,2,[0.23674181 0.38927368 0.37398451]
1987,3,[0.41515805 0.20841264 0.37642931]
1987,4,[0.07514862 0.7608192  0.16403218]
1987,5,[0.08126368 0.6950584  0.22367792]
1987,6,[0.06353085 0.71849012 0.21797903]
1987,7,[0.12304107 0.69833454 0.17862438]
1987,8,[0.15392261 0.45677776 0.38929964]
1987,9,[0.22308608 0.60453303 0.17238089]
1987,10,[0.13771067 0.13328819 0.72900114]
1987,11,[0.13637768 0.63084431 0.23277801]
1987,12,[0.02982892 0.83198216 0.13818892]
1987,13,[0.66774291 0.25796735 0.07428974]
1987,14,[0.21109584 0.38362376 0.40528041]
1987,15,[0.6021822  0.28212036 0.11569744]
1987,16,[0.45641052 0.41916514 0.12442434]
1987,17,[0.434246   0.21827735 0.34747665]
1987,18,[0.30620337 0.22247479 0.47132184]
1987,19,[0.00294556 0.80572967 0.19132477]
1987,20,[0.21039132 0.43169678 0.3579119 ]
1988,1,[0.69292457 0.14241644 0.16465899]
1988,2,[0.38889648 0.47041944 0.14068408]
1988,3,[0.3451429 0.4570302 0.1978269]
1988,4,[0.37398219 0.26888518 0.35713263]
1988,5,[0.11594704 0.68538329 0.19866967]
1988,6,[0.51038933 0.33793088 0.1516798 ]
1988,7,[0.02674379 0.7390183  0.23423791]
1988,8,[0.15787825 0.05925061 0.78287114]
1988,9,[0.4230574 0.4754899 0.1014527]
1988,10,[0.42004534 0.34454546 0.2354092 ]
1988,11,[0.1138192  0.71892465 0.16725614]
1988,12,[0.74907205 0.17816841 0.07275954]
1988,13,[0.4026096  0.20856776 0.38882264]
1988,14,[0.42012492 0.2517586  0.32811648]
1988,15,[0.70088113 0.20756596 0.09155291]
1988,16,[0.62824338 0.22332254 0.14843409]
1988,17,[0.13368051 0.74917297 0.11714652]
1988,18,[0.37494245 0.18489311 0.44016444]
1988,19,[0.30580263 0.25339561 0.44080176]
1988,20,[0.         0.77173071 0.22826929]
1989,1,[0.2168787  0.15751804 0.62560326]
1989,2,[0.7068509  0.19527007 0.09787903]
1989,3,[0.43011295 0.42230266 0.14758439]
1989,4,[0.38761648 0.47803959 0.13434394]
1989,5,[0.40786439 0.42035998 0.17177563]
1989,6,[0.27271337 0.4290224  0.29826423]
1989,7,[0.41215105 0.22964343 0.35820552]
1989,8,[0.28225194 0.22892201 0.48882605]
1989,9,[0.12166521 0.63400613 0.24432866]
1989,10,[0.17469818 0.39783788 0.42746394]
1989,11,[0.27109773 0.03894973 0.68995254]
1989,12,[0.21293367 0.36280674 0.42425959]
1989,13,[0.43800011 0.339156   0.22284388]
1989,14,[0.2317064  0.42154468 0.34674893]
1989,15,[0.21305874 0.38968848 0.39725278]
1989,16,[0.3742581  0.41032684 0.21541506]
1989,17,[0.06092286 0.68603559 0.25304155]
1989,18,[0.19170231 0.43328252 0.37501517]
1989,19,[0.65623468 0.19224021 0.1515251 ]
1989,20,[0.21713351 0.05683015 0.72603634]
1990,1,[0.37627034 0.1207272  0.50300247]
1990,2,[0.09899331 0.66075566 0.24025103]
1990,3,[0.05924013 0.68258567 0.2581742 ]
1990,4,[0.09624317 0.66018372 0.24357311]
1990,5,[0.14397996 0.65828402 0.19773602]
1990,6,[0.43150359 0.41325236 0.15524405]
1990,7,[0.68023957 0.10678073 0.2129797 ]
1990,8,[0.36212282 0.22656544 0.41131174]
1990,9,[0.43893692 0.41888738 0.1421757 ]
1990,10,[0.42385419 0.18227101 0.3938748 ]
1990,11,[0.1893149  0.41561089 0.39507421]
1990,12,[0.69402573 0.20533955 0.10063472]
1990,13,[0.35083455 0.40319082 0.24597462]
1990,14,[0.19145537 0.45125983 0.3572848 ]
1990,15,[0.60532483 0.20401707 0.19065809]
1990,16,[0.38180131 0.411297   0.20690168]
1990,17,[0.15044608 0.64428378 0.20527014]
1990,18,[0.43261032 0.4040526  0.16333708]
1990,19,[0.03438848 0.73394792 0.2316636 ]
1990,20,[0.24177863 0.07834573 0.67987563]
1991,1,[0.2302082  0.43376621 0.33602558]
1991,2,[0.40977631 0.35896373 0.23125996]
1991,3,[0.12311594 0.67119432 0.20568974]
1991,4,[0.48253789 0.18121261 0.3362495 ]
1991,5,[0.35915531 0.42533202 0.21551267]
1991,6,[0.37774422 0.13118209 0.4910737 ]
1991,7,[0.74190669 0.13819604 0.11989728]
1991,8,[0.24740944 0.10365931 0.64893125]
1991,9,[0.41415706 0.37903976 0.20680318]
1991,10,[0.39239058 0.36501034 0.24259908]
1991,11,[0.41875676 0.1576239  0.42361934]
1991,12,[0.19295917 0.04723549 0.75980535]
1991,13,[0.67465075 0.19817686 0.12717239]
1991,14,[0.12984509 0.13667422 0.73348068]
1991,15,[0.31634993 0.26548042 0.41816965]
1991,16,[0.2054024 0.1277616 0.666836 ]
1991,17,[0.04222076 0.81136969 0.14640955]
1991,18,[0.13315993 0.41085644 0.45598364]
1991,19,[0.43544363 0.11936279 0.44519359]
1991,20,[0.09276029 0.68045899 0.22678073]
1992,1,[0.18301501 0.42345866 0.39352633]
1992,2,[0.22718127 0.37547669 0.39734204]
1992,3,[0.34061721 0.24661423 0.41276856]
1992,4,[0.41287175 0.2039355  0.38319275]
1992,5,[0.42841422 0.41651707 0.15506871]
1992,6,[0.16100253 0.14954139 0.68945608]
1992,7,[0.13486886 0.61087643 0.25425471]
1992,8,[0.3916619  0.41421435 0.19412375]
1992,9,[0.2383598  0.05049886 0.71114134]
1992,10,[0.04631837 0.68292181 0.27075982]
1992,11,[0.19287303 0.36666358 0.44046338]
1992,12,[0.05732612 0.69811895 0.24455494]
1992,13,[0.76885066 0.21069467 0.02045468]
1992,14,[0.75156898 0.15744721 0.09098381]
1992,15,[0.38560814 0.2849323  0.32945956]
1992,16,[0.35039044 0.26535024 0.38425932]
1992,17,[0.42132405 0.06559903 0.51307692]
1992,18,[0.13259965 0.63364426 0.23375609]
1992,19,[0.44828261 0.16593018 0.38578721]
1992,20,[0.17954101 0.07632723 0.74413176]
1993,1,[0.43136382 0.37248015 0.19615603]
1993,2,[0.37086159 0.39555119 0.23358722]
1993,3,[0.65497699 0.18409725 0.16092576]
1993,4,[0.50564688 0.13712725 0.35722587]
1993,5,[0.0511753  0.69765306 0.25117164]
1993,6,[0.12847599 0.71138876 0.16013525]
1993,7,[0.20992263 0.02866774 0.76140963]
1993,8,[0.42467639 0.40873398 0.16658963]
1993,9,[0.76289365 0.1967598  0.04034655]
1993,10,[0.42497452 0.35448215 0.22054332]
1993,11,[0.233101   0.08411516 0.68278383]
1993,12,[0.3804574  0.42218421 0.19735838]
1993,13,[0.21392219 0.38329051 0.40278731]
1993,14,[0.35428191 0.19339284 0.45232525]
1993,15,[0.66756584 0.18508199 0.14735217]
1993,16,[0.45057594 0.34098073 0.20844333]
1993,17,[0.21297676 0.43477214 0.3522511 ]
1993,18,[0.40526212 0.20898301 0.38575487]
1993,19,[0.36951965 0.37100374 0.2594766 ]
1993,20,[0.4153374  0.33184395 0.25281865]
1994,1,[0.11459933 0.75781431 0.12758636]
1994,2,[0.42540113 0.387516   0.18708287]
1994,3,[0.7073991  0.24668249 0.04591841]
1994,4,[0.42745203 0.20468876 0.36785922]
1994,5,[0.39121863 0.20128291 0.40749846]
1994,6,[0.0643903  0.69592529 0.2396844 ]
1994,7,[0.40921975 0.35862674 0.23215351]
1994,8,[0.35486652 0.40873099 0.23640249]
1994,9,[0.21449735 0.38868729 0.39681537]
1994,10,[0.20692627 0.13179567 0.66127807]
1994,11,[0.1735624  0.12301292 0.70342468]
1994,12,[0.34753268 0.42800253 0.22446479]
1994,13,[0.17581706 0.09689715 0.7272858 ]
1994,14,[0.39942231 0.17384187 0.42673582]
1994,15,[0.20245677 0.12861797 0.66892526]
1994,16,[0.45039528 0.33427625 0.21532847]
1994,17,[0.44399175 0.3915356  0.16447265]
1994,18,[0.41289918 0.20848595 0.37861487]
1994,19,[0.48538151 0.35210741 0.16251108]
1994,20,[0.37623228 0.1815092  0.44225851]
1995,1,[0.37914278 0.40032247 0.22053474]
1995,2,[0.20553593 0.36553436 0.42892971]
1995,3,[0.3974499  0.45122231 0.15132779]
1995,4,[0.21457076 0.37901951 0.40640973]
1995,5,[0.21612232 0.21771312 0.56616456]
1995,6,[0.40439028 0.3804717  0.21513802]
1995,7,[0.17222233 0.13166192 0.69611575]
1995,8,[0.4033394  0.37151337 0.22514723]
1995,9,[0.36780534 0.33947812 0.29271653]
1995,10,[0.10209687 0.77196792 0.12593521]
1995,11,[0.73078209 0.18423512 0.08498279]
1995,12,[0.71023296 0.21108995 0.07867708]
1995,13,[0.20436734 0.07483872 0.72079395]
1995,14,[0.24484393 0.0445102  0.71064587]
1995,15,[0.66048034 0.1918409  0.14767876]
1995,16,[0.76319476 0.19944312 0.03736212]
1995,17,[0.37829157 0.22540287 0.39630557]
1995,18,[0.18895593 0.47142804 0.33961603]
1995,19,[0.66915303 0.16372266 0.16712431]
1995,20,[0.15238726 0.40622504 0.4413877 ]
1996,1,[0.63531534 0.19490516 0.1697795 ]
1996,2,[0.12837434 0.66811415 0.20351151]
1996,3,[0.34988305 0.37847973 0.27163722]
1996,4,[0.79753929 0.13729465 0.06516605]
1996,5,[0.72584591 0.22755615 0.04659794]
1996,6,[0.22533026 0.0856014  0.68906834]
1996,7,[0.19706209 0.12924123 0.67369668]
1996,8,[0.20576781 0.09807383 0.69615836]
1996,9,[0.15087332 0.11137777 0.73774892]
1996,10,[0.20112834 0.0617431  0.73712855]
1996,11,[0.0941477  0.64549184 0.26036046]
1996,12,[0.39528397 0.3510222  0.25369383]
1996,13,[0.20539852 0.436167   0.35843448]
1996,14,[0.16532034 0.0111822  0.82349746]
1996,15,[0.08539867 0.68835559 0.22624574]
1996,16,[0.         0.83150904 0.16849096]
1996,17,[0.43764817 0.47028341 0.09206841]
1996,18,[0.22156494 0.07349711 0.70493795]
1996,19,[0.36681162 0.21636786 0.41682053]
1996,20,[0.37162842 0.38447628 0.24389529]
1997,1,[0.36490453 0.42916054 0.20593493]
1997,2,[0.20903855 0.04905984 0.74190161]
1997,3,[0.06592893 0.76928463 0.16478644]
1997,4,[0.09661982 0.72302128 0.1803589 ]
1997,5,[0.39339101 0.40035458 0.20625441]
1997,6,[0.44591379 0.15190865 0.40217755]
1997,7,[0.32908948 0.20032089 0.47058963]
1997,8,[0.45681546 0.20790638 0.33527815]
1997,9,[0.17477946 0.06705203 0.7581685 ]
1997,10,[0.34692992 0.39729806 0.25577202]
1997,11,[0.60861111 0.19958238 0.19180651]
1997,12,[0.16164767 0.13805818 0.70029414]
1997,13,[0.18537744 0.12523595 0.68938661]
1997,14,[0.24546366 0.34976877 0.40476757]
1997,15,[0.31055426 0.30366887 0.38577687]
1997,16,[0.2248098  0.37510561 0.40008459]
1997,17,[0.39673232 0.22231079 0.38095689]
1997,18,[0.41183091 0.18652388 0.40164521]
1997,19,[0.47281256 0.41181023 0.11537721]
1997,20,[0.37208028 0.26809576 0.35982396]
1998,1,[0.08451876 0.23291858 0.68256267]
1998,2,[0.50414713 0.11037756 0.38547531]
1998,3,[0.38959206 0.46348338 0.14692456]
1998,4,[0.34509178 0.23397605 0.42093217]
1998,5,[0.42838701 0.23229174 0.33932125]
1998,6,[0.38246001 0.23130917 0.38623083]
1998,7,[0.73272914 0.18539786 0.08187299]
1998,8,[0.2197774  0.12331927 0.65690333]
1998,9,[0.71958601 0.21034789 0.0700661 ]
1998,10,[0.70409672 0.14955337 0.14634991]
1998,11,[0.39835046 0.42720966 0.17443988]
1998,12,[0.34822596 0.44026539 0.21150866]
1998,13,[0.19975638 0.42668558 0.37355803]
1998,14,[0.08329163 0.68573657 0.2309718 ]
1998,15,[0.45439984 0.38969368 0.15590649]
1998,16,[0.12626344 0.7123282  0.16140836]
1998,17,[0.39860836 0.17479202 0.42659963]
1998,18,[0.74073698 0.13681513 0.12244789]
1998,19,[0.12554244 0.49226297 0.38219459]
1998,20,[0.66926527 0.21840092 0.11233381]
1999,1,[0.16346906 0.65546345 0.1810675 ]
1999,2,[0.423573   0.13737173 0.43905527]
1999,3,[0.20716107 0.45816157 0.33467736]
1999,4,[0.11092868 0.69163988 0.19743144]
1999,5,[0.12446935 0.69570496 0.1798257 ]
1999,6,[0.40394649 0.185061   0.41099251]
1999,7,[0.        0.7643086 0.2356914]
1999,8,[0.04904189 0.77818999 0.17276812]
1999,9,[0.2298569  0.08825952 0.68188358]
1999,10,[0.18783503 0.42119862 0.39096635]
1999,11,[0.7298583  0.16000103 0.11014066]
1999,12,[0.41067415 0.42665063 0.16267522]
1999,13,[0.67992666 0.18717196 0.13290138]
1999,14,[0.15837002 0.69185538 0.1497746 ]
1999,15,[0.37169019 0.42724242 0.20106739]
1999,16,[0.17104933 0.08059644 0.74835423]
1999,17,[0.69313305 0.13033634 0.17653062]
1999,18,[0.63369807 0.17191551 0.19438642]
1999,19,[0.48049574 0.16227014 0.35723411]
1999,20,[0.41843178 0.33835302 0.2432152 ]
2000,1,[0.36551016 0.34403248 0.29045735]
2000,2,[0.17991922 0.4260141  0.39406668]
2000,3,[0.71930728 0.22745827 0.05323445]
2000,4,[0.11131006 0.72947891 0.15921103]
2000,5,[0.65438395 0.25871451 0.08690154]
2000,6,[0.21220702 0.40773944 0.38005354]
2000,7,[0.49110261 0.38868625 0.12021115]
2000,8,[0.67917365 0.22049545 0.1003309 ]
2000,9,[0.18135754 0.11966416 0.6989783 ]
2000,10,[0.14013403 0.47555324 0.38431273]
2000,11,[0.12415222 0.60328338 0.2725644 ]
2000,12,[0.26470499 0.37022928 0.36506573]
2000,13,[0.24485141 0.14034864 0.61479995]
2000,14,[0.35446364 0.41639612 0.22914024]
2000,15,[0.21555534 0.35163823 0.43280643]
2000,16,[0.16766113 0.64801194 0.18432694]
2000,17,[0.26181995 0.36039252 0.37778753]
2000,18,[0.49647117 0.13627595 0.36725288]
2000,19,[0.42827673 0.40010064 0.17162264]
2000,20,[0.23364756 0.1117008  0.65465164]
2001,1,[0.48497798 0.35358396 0.16143806]
2001,2,[0.35325067 0.48427118 0.16247815]
2001,3,[0.72152102 0.23261402 0.04586496]
2001,4,[0.0917772  0.74825927 0.15996353]
2001,5,[0.22037995 0.38751179 0.39210826]
2001,6,[0.4573425  0.16424647 0.37841104]
2001,7,[0.37170866 0.23977064 0.3885207 ]
2001,8,[0.7045509  0.17128164 0.12416746]
2001,9,[0.49097737 0.18848853 0.3205341 ]
2001,10,[0.19433702 0.10073177 0.70493122]
2001,11,[0.23833691 0.09484835 0.66681474]
2001,12,[0.07182876 0.725924   0.20224724]
2001,13,[0.22172477 0.42903507 0.34924016]
2001,14,[0.17319414 0.0556088  0.77119706]
2001,15,[0.08990769 0.70181203 0.20828027]
2001,16,[0.09066341 0.68332043 0.22601616]
2001,17,[0.16415764 0.06149057 0.77435179]
2001,18,[0.20143572 0.40698336 0.39158092]
2001,19,[0.22550157 0.1476892  0.62680923]
2001,20,[0.26294858 0.14985411 0.5871973 ]
2002,1,[0.19551772 0.06629991 0.73818237]
2002,2,[0.14724868 0.48348968 0.36926164]
2002,3,[0.24021929 0.08089647 0.67888423]
2002,4,[0.22245629 0.36266102 0.41488268]
2002,5,[0.29566411 0.38874707 0.31558882]
2002,6,[0.44359427 0.32941276 0.22699297]
2002,7,[0.4350188  0.38448843 0.18049278]
2002,8,[0.40482222 0.17221044 0.42296733]
2002,9,[0.12998729 0.68389516 0.18611755]
2002,10,[0.42090559 0.08424329 0.49485113]
2002,11,[0.16366419 0.1374651  0.69887071]
2002,12,[0.12392926 0.63593564 0.2401351 ]
2002,13,[0.67757891 0.23948991 0.08293118]
2002,14,[0.32963282 0.2360004  0.43436678]
2002,15,[0.26954834 0.31273107 0.41772059]
2002,16,[0.15027338 0.45407964 0.39564698]
2002,17,[0.42973807 0.14117053 0.4290914 ]
2002,18,[0.13529227 0.71078427 0.15392347]
2002,19,[0.73589986 0.17221716 0.09188298]
2002,20,[0.41395703 0.15132805 0.43471492]
2003,1,[0.49420779 0.11910941 0.3866828 ]
2003,2,[0.1118727  0.66110082 0.22702648]
2003,3,[0.44895647 0.21510293 0.3359406 ]
2003,4,[0.74315302 0.20958965 0.04725733]
2003,5,[0.62210156 0.27651809 0.10138036]
2003,6,[0.08298074 0.68885314 0.22816612]
2003,7,[0.18872178 0.11247554 0.69880268]
2003,8,[0.76241527 0.18834197 0.04924276]
2003,9,[0.35603606 0.22468183 0.41928212]
2003,10,[0.17567851 0.39548109 0.4288404 ]
2003,11,[0.26344338 0.         0.73655662]
2003,12,[0.68303626 0.19528412 0.12167962]
2003,13,[0.34590401 0.46914203 0.18495396]
2003,14,[0.30101624 0.0114198  0.68756396]
2003,15,[0.40683595 0.17862152 0.41454253]
2003,16,[0.42280626 0.40790435 0.16928939]
2003,17,[0.16379088 0.10193802 0.73427109]
2003,18,[0.09439541 0.7310178  0.17458679]
2003,19,[0.35620297 0.18750431 0.45629272]
2003,20,[0.18599823 0.35492356 0.45907821]
2004,1,[0.40971607 0.15337002 0.43691391]
2004,2,[0.39306455 0.18987351 0.41706194]
2004,3,[0.36381806 0.40777611 0.22840583]
2004,4,[0.23496116 0.38841112 0.37662773]
2004,5,[0.09817592 0.68343788 0.2183862 ]
2004,6,[0.63916478 0.2226443  0.13819091]
2004,7,[0.74876368 0.1357752  0.11546112]
2004,8,[0.07453655 0.70323301 0.22223044]
2004,9,[0.43590239 0.37485631 0.1892413 ]
2004,10,[0.16192592 0.08022768 0.7578464 ]
2004,11,[0.33765963 0.37538291 0.28695745]
2004,12,[0.38177069 0.22589754 0.39233177]
2004,13,[0.36239831 0.16242807 0.47517362]
2004,14,[0.74600249 0.20209014 0.05190737]
2004,15,[0.17421775 0.38095909 0.44482316]
2004,16,[0.72300881 0.20338194 0.07360925]
2004,17,[0.12625245 0.43539584 0.43835171]
2004,18,[0.3582881  0.39530471 0.24640718]
2004,19,[0.39827672 0.19102057 0.4107027 ]
2004,20,[0.77507514 0.13616141 0.08876344]
2005,1,[0.05981739 0.43504205 0.50514055]
2005,2,[0.12511052 0.6648685  0.21002097]
2005,3,[0.73975318 0.12053292 0.1397139 ]
2005,4,[0.04054957 0.78062081 0.17882962]
2005,5,[0.11876319 0.68758305 0.19365377]
2005,6,[0.47043097 0.23300662 0.29656241]
2005,7,[0.16217642 0.10211142 0.73571215]
2005,8,[0.38437298 0.16792535 0.44770167]
2005,9,[0.40698818 0.35709889 0.23591293]
2005,10,[0.21684303 0.42046185 0.36269512]
2005,11,[0.14689407 0.16096999 0.69213593]
2005,12,[0.1598012  0.37579018 0.46440862]
2005,13,[0.38124523 0.24061486 0.37813991]
2005,14,[0.14773291 0.41396244 0.43830466]
2005,15,[0.38159548 0.35254631 0.26585821]
2005,16,[0.63156909 0.26698085 0.10145005]
2005,17,[0.40506692 0.38431581 0.21061727]
2005,18,[0.22954292 0.08759434 0.68286274]
2005,19,[0.         0.74216011 0.25783989]
2005,20,[0.690122   0.17885136 0.13102664]
2006,1,[0.15684954 0.36467539 0.47847507]
2006,2,[0.68805948 0.22779214 0.08414837]
2006,3,[0.34746804 0.29689193 0.35564003]
2006,4,[0.08363288 0.67818778 0.23817933]
2006,5,[0.19539143 0.10125717 0.7033514 ]
2006,6,[0.11464286 0.38321473 0.50214241]
2006,7,[0.24097652 0.43191666 0.32710681]
2006,8,[0.81317787 0.17425006 0.01257208]
2006,9,[0.137408   0.69759225 0.16499975]
2006,10,[0.20668483 0.03512301 0.75819217]
2006,11,[0.43933605 0.24072139 0.31994256]
2006,12,[0.41677275 0.19398441 0.38924284]
2006,13,[0.10145016 0.64420865 0.25434119]
2006,14,[0.08124392 0.64476138 0.2739947 ]
2006,15,[0.17539685 0.42890299 0.39570016]
2006,16,[0.20663438 0.38869271 0.40467291]
2006,17,[0.         0.78289627 0.21710373]
2006,18,[0.14910589 0.43621672 0.41467738]
2006,19,[0.37991799 0.39025625 0.22982576]
2006,20,[0.22400727 0.38853295 0.38745977]
2007,1,[0.18076939 0.06638262 0.75284799]
2007,2,[0.31996541 0.05391066 0.62612393]
2007,3,[0.38596149 0.18078054 0.43325797]
2007,4,[0.65298736 0.22706249 0.11995016]
2007,5,[0.35536745 0.39468479 0.24994777]
2007,6,[0.42319388 0.39016572 0.18664041]
2007,7,[0.40848717 0.25762418 0.33388866]
2007,8,[0.40023152 0.37653133 0.22323715]
2007,9,[0.18364418 0.12755963 0.6887962 ]
2007,10,[0.64768948 0.19325851 0.15905201]
2007,11,[0.57753841 0.27238223 0.15007936]
2007,12,[0.44340591 0.16844417 0.38814992]
2007,13,[0.67777745 0.28275802 0.03946453]
2007,14,[0.42535891 0.19907254 0.37556855]
2007,15,[0.25738572 0.07727921 0.66533507]
2007,16,[0.46150947 0.19682991 0.34166062]
2007,17,[0.16430645 0.48883542 0.34685812]
2007,18,[0.2343282  0.41069443 0.35497736]
2007,19,[0.37447308 0.37103459 0.25449234]
2007,20,[0.1544163  0.68404623 0.16153747]
2008,1,[0.08683217 0.65829856 0.25486927]
2008,2,[0.27737414 0.0938367  0.62878917]
2008,3,[0.77861963 0.20941511 0.01196526]
2008,4,[0.19715574 0.02521906 0.7776252 ]
2008,5,[0.22226769 0.42114955 0.35658276]
2008,6,[0.38766618 0.39477078 0.21756304]
2008,7,[0.70738182 0.20550824 0.08710995]
2008,8,[0.20577423 0.41141144 0.38281433]
2008,9,[0.33134282 0.18344764 0.48520954]
2008,10,[0.19772561 0.40159256 0.40068183]
2008,11,[0.20788126 0.13105838 0.66106036]
2008,12,[0.2466572  0.09308198 0.66026082]
2008,13,[0.69311514 0.25791263 0.04897223]
2008,14,[0.28671302 0.01394102 0.69934595]
2008,15,[0.20915421 0.1021277  0.68871809]
2008,16,[0.17193638 0.68678503 0.14127859]
2008,17,[0.16726973 0.13426115 0.69846912]
2008,18,[0.1647113 0.        0.8352887]
2008,19,[0.13946851 0.65069709 0.20983441]
2008,20,[0.25235378 0.13246776 0.61517846]
2009,1,[0.20170732 0.03645747 0.76183521]
2009,2,[0.73822259 0.20050451 0.06127291]
2009,3,[0.64870838 0.24213425 0.10915737]
2009,4,[0.3553759  0.13372048 0.51090361]
2009,5,[0.37545836 0.23483516 0.38970648]
2009,6,[0.3979983  0.21490671 0.38709499]
2009,7,[0.31411952 0.44233846 0.24354202]
2009,8,[0.37180996 0.18200673 0.44618332]
2009,9,[0.12177556 0.16766335 0.71056108]
2009,10,[0.40588109 0.35513377 0.23898514]
2009,11,[0.25926465 0.37284881 0.36788654]
2009,12,[0.67742378 0.21740126 0.10517495]
2009,13,[0.19402194 0.38195592 0.42402214]
2009,14,[0.43828975 0.2370505  0.32465975]
2009,15,[0.10252372 0.70016667 0.19730961]
2009,16,[0.41907885 0.50147337 0.07944778]
2009,17,[0.13341946 0.43764158 0.42893896]
2009,18,[0.2499358  0.37168566 0.37837854]
2009,19,[0.47197226 0.34564177 0.18238597]
2009,20,[0.42833542 0.20401607 0.36764851]
2010,1,[0.244713  0.1043494 0.6509376]
2010,2,[0.36602165 0.217199   0.41677935]
2010,3,[0.73266088 0.2181005  0.04923862]
2010,4,[0.10314662 0.53046689 0.36638649]
2010,5,[0.39925759 0.39392289 0.20681952]
2010,6,[0.12644946 0.41587731 0.45767323]
2010,7,[0.17430572 0.57765519 0.24803909]
2010,8,[0.40558261 0.42279869 0.1716187 ]
2010,9,[0.118092   0.66130129 0.22060671]
2010,10,[0.07160879 0.50734285 0.42104836]
2010,11,[0.4571065  0.35074161 0.19215189]
2010,12,[0.67233952 0.16813284 0.15952764]
2010,13,[0.38950546 0.21167207 0.39882247]
2010,14,[0.42748582 0.16085914 0.41165503]
2010,15,[0.22385049 0.40395024 0.37219927]
2010,16,[0.17363921 0.16355435 0.66280644]
2010,17,[0.18401685 0.45006419 0.36591896]
2010,18,[0.3414104  0.25481389 0.40377571]
2010,19,[0.4041045  0.25009528 0.34580021]
2010,20,[0.40751024 0.3690289  0.22346086]
2011,1,[0.70617284 0.23784784 0.05597933]
2011,2,[0.18042338 0.07537862 0.74419799]
2011,3,[0.20517177 0.1297454  0.66508283]
2011,4,[0.69111756 0.2062737  0.10260874]
2011,5,[0.15695891 0.67475088 0.16829021]
2011,6,[0.14541887 0.13929068 0.71529046]
2011,7,[0.08491022 0.77560056 0.13948922]
2011,8,[0.67968173 0.23858229 0.08173598]
2011,9,[0.70568119 0.22917268 0.06514613]
2011,10,[0.36898566 0.39869653 0.23231781]
2011,11,[0.61114531 0.22817737 0.16067732]
2011,12,[0.72508199 0.23190691 0.04301109]
2011,13,[0.15024145 0.4065727  0.44318586]
2011,14,[0.8061171  0.17530281 0.01858008]
2011,15,[0.71388849 0.16757146 0.11854005]
2011,16,[0.16238472 0.16144991 0.67616537]
2011,17,[0.45406885 0.12832372 0.41760743]
2011,18,[0.51158801 0.14751512 0.34089688]
2011,19,[0.20325219 0.69677306 0.09997475]
2011,20,[0.43447961 0.37456775 0.19095265]
2012,1,[0.21309945 0.11822088 0.66867967]
2012,2,[0.19924021 0.04764632 0.75311347]
2012,3,[0.45542659 0.20044937 0.34412405]
2012,4,[0.22417104 0.04854383 0.72728513]
2012,5,[0.08177752 0.75660143 0.16162106]
2012,6,[0.67480952 0.25487909 0.07031139]
2012,7,[0.18070693 0.00658047 0.8127126 ]
2012,8,[0.43826986 0.19490663 0.36682351]
2012,9,[0.30801604 0.27808574 0.41389822]
2012,10,[0.36496969 0.39857822 0.23645209]
2012,11,[0.16574313 0.60487219 0.22938468]
2012,12,[0.33205161 0.43954321 0.22840517]
2012,13,[0.19617148 0.3808278  0.42300072]
2012,14,[0.16978915 0.43733327 0.39287758]
2012,15,[0.6755133  0.25023852 0.07424818]
2012,16,[0.11288654 0.66882255 0.21829091]
2012,17,[0.20444544 0.37387372 0.42168084]
2012,18,[0.12402607 0.61113675 0.26483717]
2012,19,[0.14872687 0.49813403 0.35313909]
2012,20,[0.24035287 0.37026491 0.38938222]
2013,1,[0.16213347 0.03603141 0.80183513]
2013,2,[0.14447517 0.67914781 0.17637702]
2013,3,[0.39352928 0.23397537 0.37249535]
2013,4,[0.36511686 0.22426127 0.41062187]
2013,5,[0.16102394 0.38207405 0.45690202]
2013,6,[0.15425242 0.41473438 0.4310132 ]
2013,7,[0.18965724 0.0935987  0.71674406]
2013,8,[0.23658991 0.38280588 0.38060421]
2013,9,[0.21768914 0.14474645 0.6375644 ]
2013,10,[0.04601929 0.72967611 0.2243046 ]
2013,11,[0.23723633 0.37951697 0.3832467 ]
2013,12,[0.39844311 0.45473236 0.14682453]
2013,13,[0.37638627 0.17458606 0.44902766]
2013,14,[0.37115207 0.48130759 0.14754033]
2013,15,[0.0236129  0.6965059  0.27988121]
2013,16,[0.68664674 0.23971943 0.07363383]
2013,17,[0.41861713 0.442408   0.13897487]
2013,18,[0.17306184 0.6441276  0.18281056]
2013,19,[0.2701722  0.36001543 0.36981237]
2013,20,[0.21793468 0.38769357 0.39437175]
2014,1,[0.19006563 0.41410102 0.39583336]
2014,2,[0.75613506 0.23216919 0.01169575]
2014,3,[0.23358754 0.09903329 0.66737916]
2014,4,[0.46121228 0.36947021 0.1693175 ]
2014,5,[0.37426686 0.25492665 0.37080649]
2014,6,[0.14950095 0.17190084 0.67859821]
2014,7,[0.7116477  0.23058198 0.05777032]
2014,8,[0.68018236 0.1801395  0.13967813]
2014,9,[0.30782707 0.49564591 0.19652702]
2014,10,[0.64493994 0.21971359 0.13534646]
2014,11,[0.40217296 0.21206775 0.38575929]
2014,12,[0.21223143 0.12878605 0.65898251]
2014,13,[0.42469244 0.18215517 0.39315239]
2014,14,[0.46088969 0.19047535 0.34863496]
2014,15,[0.18791242 0.09900646 0.71308112]
2014,16,[0.44321787 0.38084793 0.1759342 ]
2014,17,[0.01357222 0.7823726  0.20405518]
2014,18,[0.1838043  0.18323102 0.63296468]
2014,19,[0.38353262 0.2070255  0.40944188]
2014,20,[0.3867481  0.44012415 0.17312774]
2015,1,[0.13840307 0.47920531 0.38239162]
2015,2,[0.14129599 0.42537544 0.43332857]
2015,3,[0.1840242  0.39575105 0.42022475]
2015,4,[0.11412758 0.72126108 0.16461134]
2015,5,[0.46160042 0.3975496  0.14084998]
2015,6,[0.01387259 0.82058945 0.16553796]
2015,7,[0.16170534 0.40428889 0.43400576]
2015,8,[0.20567516 0.03018468 0.76414016]
2015,9,[0.72594941 0.14738201 0.12666858]
2015,10,[0.46290692 0.12871652 0.40837656]
2015,11,[0.10544747 0.73374342 0.16080911]
2015,12,[0.09259949 0.67202566 0.23537486]
2015,13,[0.78588286 0.19888335 0.01523378]
2015,14,[0.         0.87421837 0.12578163]
2015,15,[0.4202347  0.19136562 0.38839968]
2015,16,[0.20066295 0.39201146 0.40732559]
2015,17,[0.11688137 0.72730391 0.15581473]
2015,18,[0.19642985 0.07560314 0.72796701]
2015,19,[0.12316798 0.63998957 0.23684245]
2015,20,[0.37339365 0.23762878 0.38897757]
2016,1,[0.405887   0.46113591 0.13297708]
2016,2,[0.73491628 0.17248274 0.09260098]
2016,3,[0.66099561 0.30221807 0.03678632]
2016,4,[0.19159875 0.14483224 0.66356901]
2016,5,[0.15886636 0.69960377 0.14152987]
2016,6,[0.38672107 0.21153876 0.40174017]
2016,7,[0.42339594 0.16385713 0.41274693]
2016,8,[0.11638165 0.4406911  0.44292725]
2016,9,[0.72096054 0.25590432 0.02313513]
2016,10,[0.23829816 0.37638732 0.38531452]
2016,11,[0.39422612 0.41760351 0.18817037]
2016,12,[0.39947447 0.46175295 0.13877258]
2016,13,[0.45467868 0.04664686 0.49867447]
2016,14,[0.1843186  0.13185533 0.68382608]
2016,15,[0.1427032 0.4329346 0.4243622]
2016,16,[0.19058137 0.1536061  0.65581252]
2016,17,[0.43928327 0.15629641 0.40442032]
2016,18,[0.20770006 0.063525   0.72877494]
2016,19,[0.18954981 0.14434889 0.66610131]
2016,20,[0.64072451 0.30298966 0.05628583]
2017,1,[0.40593243 0.20116687 0.39290069]
2017,2,[0.14928735 0.44910271 0.40160994]
2017,3,[0.23580902 0.36378431 0.40040667]
2017,4,[0.1831895  0.48258745 0.33422305]
2017,5,[0.36710968 0.16575152 0.46713881]
2017,6,[0.27175631 0.18517366 0.54307003]
2017,7,[0.41055427 0.43562658 0.15381915]
2017,8,[0.18367175 0.14413654 0.67219171]
2017,9,[0.31225455 0.20898112 0.47876433]
2017,10,[0.63654492 0.24844508 0.11501   ]
2017,11,[0.16093005 0.15419074 0.68487922]
2017,12,[0.23290176 0.37812908 0.38896916]
2017,13,[0.65934507 0.23816908 0.10248585]
2017,14,[0.70873854 0.13877647 0.15248499]
2017,15,[0.42911356 0.36661922 0.20426722]
2017,16,[0.42829101 0.16404733 0.40766167]
2017,17,[0.46156154 0.16481637 0.37362209]
2017,18,[0.33121161 0.19867853 0.47010986]
2017,19,[0.16947834 0.74680453 0.08371713]
2017,20,[0.66157007 0.21128619 0.12714374]
2018,1,[0.07720841 0.70464779 0.2181438 ]
2018,2,[0.01865312 0.79038366 0.19096322]
2018,3,[0.73651916 0.15625174 0.1072291 ]
2018,4,[0.3994417  0.21498333 0.38557497]
2018,5,[0.38791418 0.20057332 0.4115125 ]
2018,6,[0.39929262 0.38318059 0.2175268 ]
2018,7,[0.14358588 0.11293222 0.7434819 ]
2018,8,[0.35483757 0.36878241 0.27638003]
2018,9,[0.35051248 0.22620451 0.423283  ]
2018,10,[0.4417945  0.15169617 0.40650933]
2018,11,[0.23867553 0.29418988 0.46713459]
2018,12,[0.64396978 0.20644145 0.14958877]
2018,13,[0.71525701 0.12586346 0.15887953]
2018,14,[0.14226873 0.46378986 0.39394141]
2018,15,[0.41471173 0.1372533  0.44803497]
2018,16,[0.74370595 0.1581844  0.09810965]
2018,17,[0.11103902 0.68604749 0.20291349]
2018,18,[0.2432889  0.09336984 0.66334126]
2018,19,[0.40206582 0.41203847 0.1858957 ]
2018,20,[0.40903699 0.21245035 0.37851266]
2019,1,[0.15415621 0.74513784 0.10070595]
2019,2,[0.22910722 0.34503852 0.42585426]
2019,3,[0.23637389 0.08786271 0.6757634 ]
2019,4,[0.19392084 0.6707525  0.13532666]
2019,5,[0.20426349 0.3819782  0.4137583 ]
2019,6,[0.67921939 0.22046849 0.10031212]
2019,7,[0.57870923 0.27283863 0.14845214]
2019,8,[0.732396   0.1410502  0.12655379]
2019,9,[0.68196757 0.1749718  0.14306063]
2019,10,[0.7023441  0.21084293 0.08681297]
2019,11,[0.73468852 0.21201441 0.05329707]
2019,12,[0.07397738 0.72388997 0.20213265]
2019,13,[0.35685723 0.21061168 0.43253109]
2019,14,[0.06716855 0.66205372 0.27077772]
2019,15,[0.13870873 0.59368889 0.26760237]
2019,16,[0.15468294 0.07904236 0.7662747 ]
2019,17,[0.10437666 0.71709409 0.17852925]
2019,18,[0.12663628 0.12900335 0.74436037]
2019,19,[0.40723995 0.1660546  0.42670545]
2019,20,[0.65429906 0.22186102 0.12383992]
2020,1,[0.18674444 0.38095057 0.432305  ]
2020,2,[0.38292523 0.21090522 0.40616955]
2020,3,[0.3502855 0.4794991 0.1702154]
2020,4,[0.13318109 0.12891176 0.73790714]
2020,5,[0.23643136 0.42395615 0.33961249]
2020,6,[0.15596183 0.0340663  0.80997187]
2020,7,[0.17684044 0.13868894 0.68447062]
2020,8,[0.20058022 0.14566871 0.65375107]
2020,9,[0.15676237 0.44263124 0.40060639]
2020,10,[0.73777329 0.18928167 0.07294505]
2020,11,[0.21639977 0.39663389 0.38696634]
2020,12,[0.75937758 0.12591348 0.11470894]
2020,13,[0.41899775 0.18370887 0.39729338]
2020,14,[0.17815681 0.12356328 0.69827991]
2020,15,[0.20500971 0.41982406 0.37516623]
2020,16,[0.6703363  0.1908938  0.13876989]
2020,17,[0.75155364 0.12624907 0.12219729]
2020,18,[0.41551383 0.18674846 0.39773771]
2020,19,[0.19331384 0.08534434 0.72134183]
2020,20,[0.61762261 0.2476678  0.13470959]
2021,1,[0.12490451 0.64347265 0.23162285]
2021,2,[0.15796692 0.71148392 0.13054917]
2021,3,[0.63717756 0.28134619 0.08147626]
2021,4,[0.12888537 0.75447256 0.11664207]
2021,5,[0.10442692 0.71306211 0.18251097]
2021,6,[0.18552371 0.08678231 0.72769398]
2021,7,[0.1904207  0.03363133 0.77594797]
2021,8,[0.68581431 0.16053681 0.15364888]
2021,9,[0.39352021 0.3764106  0.23006919]
2021,10,[0.74086731 0.1980427  0.06108999]
2021,11,[0.79377501 0.14713893 0.05908606]
2021,12,[0.24107981 0.17452012 0.58440007]
2021,13,[0.20285121 0.38162201 0.41552678]
2021,14,[0.66773892 0.26693279 0.06532829]
2021,15,[0.18389711 0.11905544 0.69704745]
2021,16,[0.21511795 0.10396779 0.68091426]
2021,17,[0.38075068 0.17515965 0.44408967]
2021,18,[0.06968581 0.72890302 0.20141117]
2021,19,[0.16703416 0.14593817 0.68702767]
2021,20,[0.7273637  0.13978889 0.13284741]
2022,1,[0.19394662 0.09814334 0.70791004]
2022,2,[0.36081583 0.23791627 0.4012679 ]
2022,3,[0.18175133 0.11018032 0.70806835]
2022,4,[0.42132217 0.21622688 0.36245095]
2022,5,[0.42062579 0.17094983 0.40842438]
2022,6,[0.72251319 0.22203996 0.05544685]
2022,7,[0.8067064  0.12096015 0.07233346]
2022,8,[0.09772677 0.44024551 0.46202772]
2022,9,[0.13469805 0.63269404 0.23260791]
2022,10,[0.23964132 0.13003508 0.63032361]
2022,11,[0.06942658 0.72239872 0.2081747 ]
2022,12,[0.43329742 0.22576383 0.34093875]
2022,13,[0.07006787 0.49039225 0.43953988]
2022,14,[0.249307   0.36196634 0.38872665]
2022,15,[0.18440162 0.09144687 0.72415152]
2022,16,[0.3098611  0.30277761 0.38736129]
2022,17,[0.44719983 0.18471903 0.36808114]
2022,18,[0.70120003 0.18617698 0.11262299]
2022,19,[0.43501995 0.19185134 0.37312872]
2022,20,[0.76794754 0.14375566 0.08829681]
